{
  "welcomeFile": "/index.html",
  "authenticationMethod": "route",
  "routes": [
    {
      "source": "^(.*)$",
      "target": "$1",
      "service": "html5-apps-repo-rt",
      "authenticationType": "none"
    },
    {
      "source": "^/srv1/(.*)$",
      "destination": "fs-sap-ui-app-srv",
      "authenticationType": "none",
      "csrfProtection": false,
      "target": "/srv1/$1"
    },
    {
      "source": "^/resources/(.*)$",
      "target": "/resources/$1",
      "destination": "sapui5",
      "authenticationType": "none"
    }
  ]
}
