{
  "i18n/i18n_en.properties": 1752571635355,
  "i18n/i18n.properties": 1752571635355,
  "i18n/i18n_en_US.properties": 1752571635355,
  "manifest.json": 1753168414214,
  "utils/locate-reuse-libs.js": 1752571635359,
  "Component.js": 1752726645982,
  "utils/locate-reuse-libs-dbg.js": 1752571635359,
  "utils/locate-reuse-libs.js.map": 1753326562780,
  "Component-dbg.js": 1752726645982,
  "Component.js.map": 1753326562772,
  "Component-preload.js": 1753326562881,
  "Component-preload.js.map": 1753326562881
}