{
  "Component-preload.js.map": 1752725630617,
  "i18n/i18n_en.properties": 1752571635355,
  "i18n/i18n.properties": 1752571635355,
  "manifest.json": 1752680778457,
  "utils/locate-reuse-libs.js": 1752571635359,
  "Component.js": 1752571635355,
  "utils/locate-reuse-libs-dbg.js": 1752571635359,
  "utils/locate-reuse-libs.js.map": 1752725630430,
  "Component-dbg.js": 1752571635355,
  "Component.js.map": 1752725630414,
  "Component-preload.js": 1752725630617,
  "i18n/i18n_en_US.properties": 1752571635355
}