{
  "ext/CustomFilter-Rating.fragment.xml": 1752571633523,
  "i18n/i18n_en_US.properties": 1752571633523,
  "i18n/i18n.properties": 1752571633523,
  "i18n/customI18N_en_US.properties": 1752571633523,
  "i18n/customI18N_en.properties": 1752571633523,
  "i18n/customI18N.properties": 1752571633523,
  "ext/CustomFilter-Rating.js": 1752571633523,
  "ext/controller/CustomObjectPage.controller.js": 1752571633523,
  "utils/locate-reuse-libs.js": 1752571633527,
  "ext/SideContent.js": 1752571633523,
  "ext/controller/data.json": 1752571633523,
  "ext/CustomController.js": 1752571633523,
  "ext/CustomActions.js": 1752571633519,
  "manifest.json": 1752680760653,
  "Component.js": 1752571633519,
  "ext/controller/CustomObjectPage-dbg.controller.js": 1752571633523,
  "ext/controller/CustomObjectPage.controller.js.map": 1752725643966,
  "ext/CustomFilter-Rating-dbg.js": 1752571633523,
  "ext/CustomFilter-Rating.js.map": 1752725643958,
  "utils/locate-reuse-libs-dbg.js": 1752571633527,
  "utils/locate-reuse-libs.js.map": 1752725643970,
  "ext/SideContent-dbg.js": 1752571633523,
  "ext/SideContent.js.map": 1752725643959,
  "ext/CustomController-dbg.js": 1752571633523,
  "ext/CustomController.js.map": 1752725643968,
  "ext/CustomActions-dbg.js": 1752571633519,
  "ext/CustomActions.js.map": 1752725643962,
  "Component-dbg.js": 1752571633519,
  "Component.js.map": 1752725643964,
  "Component-preload.js": 1752725644115,
  "Component-preload.js.map": 1752725644115,
  "ext/view/CustomObjectPage.view.xml": 1752571633523,
  "ext/SideContentTable.fragment.xml": 1752571633523,
  "ext/SideContent.fragment.xml": 1752571633523,
  "ext/CustomSubSection.fragment.xml": 1752571633523,
  "ext/CustomSection.fragment.xml": 1752571633523,
  "ext/CustomHeaderFacet-ProcessFlow.fragment.xml": 1752571633523,
  "ext/CustomHeaderFacet-Edit.fragment.xml": 1752571633523,
  "i18n/i18n_en.properties": 1752571633523,
  "ext/CustomField-DateRange.fragment.xml": 1752571633523,
  "ext/CustomField-DatePicker.fragment.xml": 1752571633523,
  "ext/CustomColumn-ProcessFlow.fragment.xml": 1752571633519,
  "ext/CustomColumn-DateRangeLR.fragment.xml": 1752571633519
}